都道府県コード,λ_0,I_0,R_0,I_0_actual,sigma_bar
in_bed,1.2602339844788575,2.671176263663164,3.7586206896551726,3,16.519615271562557
